{
    "loss": 0.7451914548873901,
    "accuracy": 0.9396551847457886
}